,City,Lat,Lng,Cloudiness,Max Temp,Humidity,Wind Speed,Country,Date
0,Barrow,71.2906,-156.7887,1,15.8,92,18.41,US,1619382310
1,Mar del Plata,-38.0023,-57.5575,40,64.0,67,11.5,AR,1619382572
2,Rikitea,-23.1203,-134.9692,100,77.86,74,8.1,PF,1619382377
3,Flin Flon,54.7682,-101.865,90,41.0,36,9.22,CA,1619382573
4,Portland,45.5234,-122.6762,90,59.0,51,5.75,US,1619382425
5,Itoman,26.1247,127.6694,20,66.2,77,6.91,JP,1619382573
6,Kavaratti,10.5669,72.642,1,84.06,72,8.37,IN,1619382574
7,Sherpur,25.0188,90.0175,0,81.84,28,6.67,BD,1619382574
8,Raudeberg,61.9875,5.1352,49,39.99,67,12.01,NO,1619382574
9,Punta Arenas,-53.15,-70.9167,75,57.2,62,19.57,CL,1619382439
10,Shelburne,44.0787,-80.2041,88,41.0,80,19.19,CA,1619382575
11,Sault Ste. Marie,46.5168,-84.3333,20,37.4,52,14.97,CA,1619382533
12,Srednekolymsk,67.45,153.6833,34,9.68,89,5.19,RU,1619382575
13,Hobart,-42.8794,147.3294,75,57.2,62,17.27,AU,1619382574
14,Boca del Rio,19.1,-96.1,20,87.01,70,16.11,MX,1619382535
15,Deputatsky,69.3,139.9,100,18.28,93,4.83,RU,1619382522
16,Chui,-33.6971,-53.4616,98,62.31,83,12.64,UY,1619382576
17,Wenling,28.3669,121.36,68,62.01,80,6.38,CN,1619381797
18,Atuona,-9.8,-139.0333,50,79.92,72,15.3,PF,1619382577
19,Tiksi,71.6872,128.8694,100,22.96,96,1.72,RU,1619382410
20,Mahébourg,-20.4081,57.7,75,75.2,94,12.66,MU,1619382419
21,Pacific Grove,36.6177,-121.9166,90,60.8,59,10.36,US,1619382348
22,Ushuaia,-54.8,-68.3,20,55.4,50,16.11,AR,1619382503
23,Port Alfred,-33.5906,26.891,100,70.36,65,13.11,ZA,1619382578
24,Champerico,14.3,-91.9167,40,91.4,62,6.91,GT,1619382578
25,Saskylakh,71.9167,114.0833,100,16.18,95,14.07,RU,1619382492
26,Busselton,-33.65,115.3333,100,52.0,97,4.36,AU,1619382384
27,Mataura,-46.1927,168.8643,72,46.0,80,11.99,NZ,1619382450
28,Vaini,-21.2,-175.2,75,75.2,100,5.75,TO,1619382579
29,Puerto Ayora,-0.7393,-90.3518,20,84.2,65,17.27,EC,1619382580
30,San Patricio,28.017,-97.5169,1,87.8,42,12.66,US,1619382580
31,Los Llanos de Aridane,28.6585,-17.9182,75,69.8,64,3.44,ES,1619382392
32,Yangi Marg`ilon,40.4272,71.7189,0,60.8,51,2.3,UZ,1619382580
33,Albany,42.6001,-73.9662,90,57.2,67,8.05,US,1619382301
34,Laas,46.6166,10.7002,0,59.0,61,3.44,IT,1619382581
35,Caucayá,-0.1934,-74.7819,72,84.09,69,3.11,CO,1619382581
36,Bredasdorp,-34.5322,20.0403,100,53.6,94,2.28,ZA,1619382582
37,Amahai,-3.3333,128.9167,99,77.95,79,3.38,ID,1619382353
38,Lovozero,68.005,35.0117,100,29.84,96,12.91,RU,1619382583
39,Hithadhoo,-0.6,73.0833,99,82.56,68,4.52,MV,1619382393
40,Hermanus,-34.4187,19.2345,100,63.0,86,1.01,ZA,1619382457
41,Avarua,-21.2078,-159.775,40,82.4,78,10.36,CK,1619382583
42,La Ronge,55.1001,-105.2842,100,39.2,52,12.66,CA,1619382584
43,Brattvåg,62.6002,6.4434,75,37.4,70,5.75,NO,1619382584
44,Butaritari,3.0707,172.7902,19,82.36,76,12.17,KI,1619382584
45,Ostrovnoy,68.0531,39.5131,100,34.07,98,19.91,RU,1619382390
46,Saint-Philippe,-21.3585,55.7679,40,78.8,73,20.71,RE,1619382585
47,Pisco,-13.7,-76.2167,20,71.01,83,11.5,PE,1619382132
48,Tarbagatay,51.4803,107.3602,75,39.2,65,20.13,RU,1619382586
49,Humaitá,-7.5061,-63.0208,66,90.95,54,1.95,BR,1619382443
50,Kuytun,54.3419,101.5036,88,30.38,87,9.48,RU,1619382229
51,Sri Aman,1.2376,111.4621,93,75.2,94,0.6,MY,1619382586
52,Santiago del Estero,-27.7951,-64.2615,0,74.26,39,6.91,AR,1619382352
53,Yellowknife,62.456,-114.3525,90,12.0,66,10.36,CA,1619382567
54,Coxim,-18.5067,-54.76,100,78.46,54,9.8,BR,1619382587
55,Tasiilaq,65.6145,-37.6368,90,37.4,70,19.57,GL,1619382386
56,Teguise,29.0605,-13.564,20,69.8,64,12.66,ES,1619382588
57,Kapaa,22.0752,-159.319,40,80.6,61,16.11,US,1619382588
58,Biltine,14.5333,20.9167,99,90.07,23,5.32,TD,1619382160
59,Chokurdakh,70.6333,147.9167,100,19.27,94,14.25,RU,1619382589
60,Arrecife,28.963,-13.5477,20,69.8,64,12.66,ES,1619382497
61,Cape Town,-33.9258,18.4232,20,62.01,94,8.05,ZA,1619382589
62,Kommunisticheskiy,61.6789,64.4819,100,45.19,57,11.81,RU,1619382589
63,Bambanglipuro,-7.95,110.2833,82,75.09,86,3.8,ID,1619382291
64,Trindade,-16.6494,-49.4889,40,82.4,47,5.75,BR,1619382590
65,Lázaro Cárdenas,17.9583,-102.2,100,84.6,51,10.16,MX,1619382356
66,Castro,-24.7911,-50.0119,100,64.26,85,4.74,BR,1619382591
67,Waddān,29.1614,16.139,1,68.2,44,10.0,LY,1619382304
68,Padang,-0.9492,100.3543,92,77.59,85,3.36,ID,1619382121
69,Yeppoon,-23.1333,150.7333,21,62.6,82,6.91,AU,1619382591
70,Varhaug,58.6147,5.6457,8,39.99,77,4.0,NO,1619382592
71,Xicoténcatl,23.0167,-98.8833,4,97.0,42,8.99,MX,1619382592
72,Luncaviţa,45.2833,28.2667,95,45.0,87,6.91,RO,1619382592
73,Harper,4.375,-7.7169,100,80.1,81,8.97,LR,1619382565
74,Khatanga,71.9667,102.5,78,4.59,88,14.72,RU,1619382593
75,Port Elizabeth,-33.918,25.5701,40,59.0,88,2.3,ZA,1619382593
76,Kualakapuas,-3.0091,114.3876,90,78.8,94,6.91,ID,1619382593
77,Staryy Nadym,65.6118,72.6842,100,32.81,97,13.2,RU,1619382594
78,Tawang Town,27.5833,91.8667,6,40.8,75,6.15,IN,1619382595
79,Nanortalik,60.1432,-45.2371,100,41.86,75,12.8,GL,1619382596
80,Ancud,-41.8697,-73.8203,75,60.01,82,4.61,CL,1619382597
81,Inuvik,68.3499,-133.7218,100,19.4,73,6.91,CA,1619382476
82,Dikson,73.5069,80.5464,100,16.52,91,11.3,RU,1619382401
83,Cabo San Lucas,22.8909,-109.9124,75,84.99,32,9.22,MX,1619382436
84,Tuktoyaktuk,69.4541,-133.0374,90,12.2,85,10.36,CA,1619382598
85,Ilulissat,69.2167,-51.1,95,50.0,43,11.5,GL,1619382481
86,Hargeisa,9.56,44.065,100,66.69,88,0.49,SO,1619382599
87,East London,-33.0153,27.9116,100,68.4,75,11.23,ZA,1619382599
88,Haines Junction,60.7522,-137.5108,0,50.0,27,4.61,CA,1619382600
89,São Filipe,14.8961,-24.4956,62,72.59,71,10.58,CV,1619382600
90,Carnarvon,-24.8667,113.6333,0,62.6,72,5.75,AU,1619382466
91,Verāval,20.9,70.3667,8,81.23,82,11.36,IN,1619382424
92,Miragoâne,18.4423,-73.0876,37,83.86,64,9.64,HT,1619382601
93,Hilo,19.7297,-155.09,75,80.6,57,3.44,US,1619382601
94,Probolinggo,-7.7543,113.2159,20,80.6,83,3.44,ID,1619382602
95,Izumo,35.3667,132.7667,20,51.8,46,14.97,JP,1619382602
96,Juneau,58.3019,-134.4197,20,57.0,33,6.91,US,1619382322
97,Marsabit,2.3284,37.9899,97,68.59,67,4.7,KE,1619382603
98,Bezhetsk,57.7851,36.6965,100,34.2,83,14.99,RU,1619382603
99,Longyearbyen,78.2186,15.6401,40,19.4,63,12.66,SJ,1619382604
100,Alice Springs,-23.7,133.8833,0,46.4,66,4.61,AU,1619382469
101,Charters Towers,-20.1,146.2667,99,67.91,87,8.86,AU,1619382604
102,San Felipe,10.3399,-68.7425,89,78.28,77,9.13,VE,1619382605
103,Esperance,-33.8667,121.9,0,59.0,63,17.27,AU,1619382605
104,Srīvardhan,18.0333,73.0167,55,81.18,83,5.28,IN,1619382606
105,Labuhan,-6.8844,112.2051,84,77.11,86,7.25,ID,1619381937
106,Two Rivers,44.1539,-87.5693,1,41.0,56,11.5,US,1619382606
107,San Cristobal,7.7669,-72.225,40,89.6,55,11.5,VE,1619382574
108,Sharhorod,48.7383,28.085,100,45.0,78,8.99,UA,1619382607
109,Yomou,7.5603,-9.2653,74,73.31,83,2.48,GN,1619382607
110,Qaanaaq,77.484,-69.3632,27,31.48,74,4.07,GL,1619382507
111,Launceston,-41.45,147.1667,83,50.0,93,8.05,AU,1619382608
112,Geraldton,-28.7667,114.6,0,62.6,63,10.36,AU,1619382475
113,Tiarei,-17.5333,-149.3333,40,84.2,70,8.05,PF,1619382536
114,Qaqortoq,60.7167,-46.0333,75,50.0,32,19.57,GL,1619382608
115,Jamestown,42.097,-79.2353,90,45.0,75,14.97,US,1619382609
116,Flinders,-34.5833,150.8552,16,50.0,86,1.01,AU,1619382378
117,Hofn,64.2539,-15.2082,100,43.03,88,12.93,IS,1619382609
118,Samarai,-10.6167,150.6667,94,82.47,78,12.01,PG,1619382021
119,Kjøllefjord,70.9457,27.3465,75,33.8,75,13.8,NO,1619382610
120,Namatanai,-3.6667,152.4333,86,80.04,80,1.74,PG,1619382611
121,Boyolangu,-8.1181,111.8935,91,75.22,89,1.7,ID,1619382612
122,Balikpapan,-1.2675,116.8289,85,74.82,89,2.89,ID,1619382612
123,Quelimane,-17.8786,36.8883,0,77.0,88,5.75,MZ,1619382612
124,Morristown,36.214,-83.2949,90,64.0,51,3.44,US,1619382613
125,Marsá Maţrūḩ,31.3525,27.2453,40,64.4,82,9.22,EG,1619382613
126,Bengkulu,-3.8004,102.2655,66,75.54,89,4.54,ID,1619382613
127,Provideniya,64.3833,-173.3,0,35.6,69,4.47,RU,1619382533
128,Grão Mogol,-16.5594,-42.8897,21,73.69,51,1.7,BR,1619382614
129,Harlingen,26.1906,-97.6961,1,91.0,37,13.8,US,1619382531
130,Puerto Quijarro,-17.7833,-57.7667,100,68.88,94,5.57,BO,1619382615
131,Nikolskoye,59.7035,30.7861,90,39.0,93,8.95,RU,1619382403
132,Touros,-5.1989,-35.4608,20,82.4,74,12.66,BR,1619382615
133,Butler,39.4501,-84.5666,1,63.0,36,8.05,US,1619382616
134,Arrondissement de Morlaix,48.5833,-4.0,0,50.0,76,19.57,FR,1619382616
135,Klaksvík,62.2266,-6.589,100,44.6,100,12.66,FO,1619382490
136,Isparta Province,38.0,31.0,75,57.2,67,14.97,TR,1619381973
137,Meulaboh,4.1363,96.1285,82,76.87,86,4.36,ID,1619382104
138,George Town,5.4112,100.3354,20,81.0,94,3.44,MY,1619382617
139,West Bay,19.3667,-81.4167,20,84.99,70,8.05,KY,1619382617
140,Vardø,70.3705,31.1107,20,33.8,69,13.8,NO,1619382483
141,Rome,43.2128,-75.4557,90,55.99,62,11.5,US,1619382618
142,Talnakh,69.4865,88.3972,82,-2.22,95,2.35,RU,1619382388
143,Vredendal,-31.6683,18.5012,100,60.76,81,2.57,ZA,1619382618
144,Cidreira,-30.1811,-50.2056,83,70.0,69,14.12,BR,1619382412
145,Glenwood Springs,39.5505,-107.3248,56,70.0,39,18.41,US,1619382619
146,Patan,27.6667,85.3333,20,64.4,63,3.44,NP,1619382619
147,Noumea,-22.2763,166.4572,75,77.0,100,6.29,NC,1619382396
148,Lüderitz,-26.6481,15.1594,93,61.93,90,3.18,NA,1619382620
149,Bom Jardim,-7.7958,-35.5872,20,82.4,65,17.27,BR,1619382621
150,Olafsvik,64.8945,-23.7142,12,43.77,84,8.7,IS,1619382406
151,Lebu,-37.6167,-73.65,0,58.5,81,11.86,CL,1619382621
152,Batemans Bay,-35.7167,150.1833,8,48.99,91,1.99,AU,1619382622
153,Kovdor,67.5662,30.4758,100,28.58,87,12.33,RU,1619382182
154,Okhotsk,59.3833,143.3,0,17.11,70,10.36,RU,1619382622
155,Buraidah,26.326,43.975,75,86.0,32,18.41,SA,1619382508
156,Porto Velho,-8.7619,-63.9039,40,75.2,94,2.3,BR,1619382623
157,Vénissieux,45.7025,4.8715,0,66.2,34,1.14,FR,1619382623
158,Muros,42.7762,-9.0603,90,60.01,88,2.95,ES,1619382623
159,Bethel,41.3712,-73.414,75,59.0,58,6.91,US,1619382421
160,San José de Gracia,20.6667,-102.5833,99,88.45,13,6.69,MX,1619382624
161,Nizwá,22.9333,57.5333,70,81.37,20,4.05,OM,1619382181
162,Kivsharivka,49.6213,37.7036,29,41.65,55,6.17,UA,1619382625
163,Grand Gaube,-20.0064,57.6608,100,78.01,83,8.99,MU,1619382454
164,Khandyga,62.6667,135.6,100,18.48,88,4.21,RU,1619382625
165,Upernavik,72.7868,-56.1549,22,36.01,83,5.19,GL,1619382626
166,Waipawa,-41.4122,175.5153,75,52.0,76,3.44,NZ,1619381839
167,Hualmay,-11.0964,-77.6139,15,71.37,75,7.92,PE,1619382229
168,Canala,-21.5333,165.95,75,69.8,100,5.88,NC,1619382626
169,Moyamba,8.1667,-12.4333,81,77.58,84,4.41,SL,1619382627
170,Darhan,49.4867,105.9228,100,34.79,90,10.16,MN,1619382627
171,Buluang,13.3068,123.3425,21,73.51,93,4.12,PH,1619382627
172,Vyritsa,59.4078,30.3481,90,37.4,93,8.95,RU,1619382628
173,Tessalit,20.1986,1.0114,0,92.59,6,7.34,ML,1619382128
174,Sidi Ali,36.0998,0.4206,100,62.01,80,21.88,DZ,1619382628
175,Nālūt,30.3333,10.85,31,75.13,18,16.87,LY,1619382629
176,Bangolo,7.0069,-7.475,100,74.89,80,2.06,CI,1619382629
177,Birao,10.2849,22.7882,97,76.17,67,8.59,CF,1619382628
178,Clyde River,70.4692,-68.5914,90,21.2,93,28.77,CA,1619382578
179,Airai,-8.9266,125.4092,23,54.97,83,1.63,TL,1619382589
180,Oistins,13.0667,-59.5333,20,84.2,51,18.41,BB,1619382630
181,Morant Bay,17.8815,-76.4093,40,82.99,78,13.8,JM,1619382630
182,Baruun-Urt,46.6806,113.2792,95,48.78,65,18.48,MN,1619382125
183,Burnie,-41.0667,145.9167,87,52.0,80,7.0,AU,1619382446
184,Mumbai,19.0144,72.8479,40,86.0,89,6.91,IN,1619382519
185,Liverpool,53.4106,-2.9779,6,53.6,58,11.5,GB,1619381857
186,Guerrero Negro,27.9769,-114.0611,99,67.71,55,15.7,MX,1619382625
187,Fortuna,40.5982,-124.1573,75,55.0,87,8.05,US,1619382456
188,Bluff,-46.6,168.3333,76,46.0,80,11.01,NZ,1619382631
189,Kralendijk,12.15,-68.2667,75,84.2,70,17.27,BQ,1619382573
190,Tara,56.8944,74.371,100,42.82,58,10.47,RU,1619382423
191,Havre-St-Pierre,50.2334,-63.5986,1,50.0,40,6.91,CA,1619382632
192,Faanui,-16.4833,-151.75,4,81.05,64,2.89,PF,1619382632
193,Severo-Kuril'sk,50.6789,156.125,100,32.02,97,11.59,RU,1619382633
194,Quatre Cocos,-20.2078,57.7625,75,78.01,94,12.66,MU,1619382633
195,Shaoyang,27.2315,111.4525,100,57.88,93,1.99,CN,1619382633
196,Suzaka,36.65,138.3167,17,37.0,67,5.86,JP,1619382634
197,Port Hueneme,34.1478,-119.1951,90,63.0,59,11.5,US,1619382634
198,Zhigansk,66.7697,123.3711,100,32.5,99,8.39,RU,1619382394
199,Eilat,29.5581,34.9482,0,82.4,32,5.75,IL,1619382263
200,Guangming,45.3333,122.7833,100,49.23,29,7.85,CN,1619382635
201,Talas,38.6908,35.5538,75,57.2,67,1.86,TR,1619382635
202,Preston,53.7667,-2.7167,0,51.8,58,9.22,GB,1619381962
203,Oddur,4.1213,43.8894,95,78.85,63,12.08,SO,1619382129
204,Kiryat Gat,31.61,34.7642,0,73.0,45,3.0,IL,1619382228
205,Kaitangata,-46.2817,169.8464,84,37.0,73,1.99,NZ,1619382636
206,Zhangaözen,43.3,52.8,11,64.74,36,1.43,KZ,1619382453
207,Labuan,5.2767,115.2417,20,77.0,100,4.09,MY,1619382637
208,Gamba,-2.65,10.0,86,78.69,87,4.45,GA,1619382268
209,Tabas,33.5959,56.9244,100,80.47,18,4.99,IR,1619382637
210,Broome,42.2506,-75.833,90,57.0,62,10.36,US,1619382638
211,Bandarbeyla,9.4942,50.8122,64,83.01,72,8.39,SO,1619381859
212,Jumla,29.2747,82.1838,0,46.35,47,4.14,NP,1619382204
213,Ossora,59.2353,163.0719,100,31.87,90,4.05,RU,1619382446
214,Sibolga,1.7427,98.7792,52,76.32,84,2.93,ID,1619382106
215,Kloulklubed,7.0419,134.2556,90,77.0,88,10.36,PW,1619381914
216,Kruisfontein,-34.0033,24.7314,100,72.75,38,5.53,ZA,1619382479
217,Seoul,37.5683,126.9778,0,53.6,58,8.05,KR,1619382054
218,High Rock,26.6208,-78.2833,40,84.2,74,13.8,BS,1619382639
219,Arraial do Cabo,-22.9661,-42.0278,0,77.0,78,8.05,BR,1619382432
220,Henties Bay,-22.116,14.2845,23,62.01,90,3.0,NA,1619382639
221,Narsaq,60.9167,-46.05,75,50.0,32,19.57,GL,1619382640
222,Shakawe,-18.3667,21.85,78,71.31,32,4.99,BW,1619382426
223,Rāmgarh,23.6333,85.5167,40,84.2,39,7.31,IN,1619382640
224,Kokopo,-4.352,152.2633,94,77.76,84,4.0,PG,1619382077
225,Torbay,47.6666,-52.7314,20,51.8,40,19.57,CA,1619382562
226,Bulgan,48.8125,103.5347,100,29.98,76,12.01,MN,1619382437
227,Nizhniy Kuranakh,58.8353,125.4869,100,33.93,99,3.74,RU,1619382641
228,Plettenberg Bay,-34.0527,23.3716,100,66.22,71,5.23,ZA,1619382465
229,Alofi,-19.0595,-169.9187,40,82.4,78,3.44,NU,1619382407
230,Quimper,48.0,-4.1,0,51.8,66,16.11,FR,1619382642
231,Kaseda-shirakame,31.4167,130.3167,100,60.17,80,6.35,JP,1619382528
232,Iskateley,67.6803,53.1512,100,38.17,90,7.63,RU,1619382642
233,Katherine,-14.4667,132.2667,40,71.6,78,3.44,AU,1619382374
234,Vila Franca do Campo,37.7167,-25.4333,75,59.0,77,10.36,PT,1619382643
235,Katsuura,35.1333,140.3,20,50.0,43,21.85,JP,1619382643
236,Asău,46.4333,26.4,18,45.0,44,5.66,RO,1619382644
237,Batagay-Alyta,67.8006,130.4114,100,12.31,89,5.93,RU,1619382456
238,Leningradskiy,69.3833,178.4167,100,21.16,86,2.35,RU,1619382442
239,Tonstad,58.6626,6.7169,5,39.99,77,4.0,NO,1619382644
240,New Norfolk,-42.7826,147.0587,97,55.99,75,5.01,AU,1619382645
241,Dawei,14.0833,98.2,100,76.53,89,0.89,MM,1619382307
242,Molina,-35.1167,-71.2833,0,69.8,46,9.22,CL,1619382601
243,Tongliao,43.6125,122.2653,100,49.46,28,8.1,CN,1619382640
244,Vanavara,60.34,102.2797,74,31.35,97,7.61,RU,1619382645
245,Lesnoy,57.6198,63.0784,86,43.07,82,5.59,RU,1619382575
246,Oron,4.8256,8.2343,39,79.54,85,5.17,NG,1619382646
247,Akureyri,65.6835,-18.0878,90,37.4,93,14.97,IS,1619382646
248,Mangai,-4.05,19.5333,45,70.21,95,1.1,CD,1619382647
249,Half Moon Bay,37.4636,-122.4286,90,57.99,87,14.97,US,1619382647
250,Karpathos,35.507,27.2132,41,60.8,77,43.73,GR,1619382647
251,Riva,38.9521,-76.578,75,66.0,45,17.27,US,1619382648
252,Luancheng,37.8792,114.6517,100,55.4,71,2.24,CN,1619382648
253,Bintulu,3.1667,113.0333,20,77.0,94,4.61,MY,1619382636
254,Imbituba,-28.24,-48.6703,75,73.4,78,9.22,BR,1619382041
255,Cabedelo,-6.9811,-34.8339,0,80.6,78,12.66,BR,1619382090
256,Pacifica,37.6138,-122.4869,90,54.0,87,14.97,US,1619382649
257,Chicama,-7.8447,-79.1469,0,66.2,82,10.36,PE,1619382649
258,Turaif,31.6725,38.6637,0,80.6,22,4.61,SA,1619382380
259,Mount Gambier,-37.8333,140.7667,90,51.8,93,8.05,AU,1619382650
260,Monroe,43.1501,-77.6831,75,53.6,50,19.57,US,1619382650
261,Develi,38.3906,35.4922,75,57.2,67,4.43,TR,1619382651
262,Ribeira Grande,38.5167,-28.7,20,62.6,67,3.44,PT,1619382406
263,Sangar,63.9242,127.4739,100,25.5,94,12.1,RU,1619382263
264,Şabrātah,32.7933,12.4885,2,64.2,68,16.87,LY,1619382651
265,Banda Aceh,5.5577,95.3222,89,79.66,77,7.4,ID,1619382598
266,Miraflores,19.2167,-98.8083,40,84.2,23,6.91,MX,1619382652
267,Bambous Virieux,-20.3428,57.7575,75,78.01,94,12.66,MU,1619382652
268,Healdsburg,38.6105,-122.8692,75,57.0,82,9.22,US,1619382259
269,Saint Paul Harbor,57.79,-152.4072,90,42.8,81,12.66,US,1619382653
270,Thouars,46.976,-0.2151,100,60.01,44,15.26,FR,1619382653
271,Shumskiy,54.8318,99.1328,58,32.18,80,7.16,RU,1619382654
272,Atar,20.5169,-13.0499,0,86.05,14,8.93,MR,1619382218
273,Omsukchan,62.5333,155.8,100,9.32,92,1.77,RU,1619382199
274,Berlevåg,70.8578,29.0864,75,32.0,69,9.22,NO,1619382259
275,Port Blair,11.6667,92.75,99,81.25,75,3.87,IN,1619382654
276,Roald,62.5833,6.1333,75,37.4,70,5.75,NO,1619382655
277,Lompoc,34.6391,-120.4579,100,57.2,72,13.8,US,1619382398
278,Saint George,37.1041,-113.5841,1,82.0,10,28.77,US,1619382655
279,Betsiamites,48.9413,-68.646,20,44.6,70,14.97,CA,1619382656
280,Baião,-2.7906,-49.6717,93,80.78,79,1.36,BR,1619382656
281,Beringovskiy,63.05,179.3167,100,31.3,88,1.45,RU,1619382656
282,Kédougou,12.5579,-12.1743,4,94.32,15,3.02,SN,1619382657
283,San Julián,21.0167,-102.1667,89,86.0,50,5.39,MX,1619382657
284,Sola,-13.8833,167.55,80,81.75,74,4.85,VU,1619382575
285,Manta,-0.95,-80.7333,40,82.4,69,13.8,EC,1619382490
286,Thompson,55.7435,-97.8558,75,39.2,35,10.36,CA,1619382658
287,Paita,-5.0892,-81.1144,0,82.4,57,13.8,PE,1619382658
288,Pedernales,18.0384,-71.744,91,82.87,64,7.63,DO,1619382319
289,Cherskiy,68.75,161.3,96,7.2,93,4.54,RU,1619382415
290,Margate,51.3813,1.3862,40,48.0,65,4.0,GB,1619382405
291,Nome,64.5011,-165.4064,40,44.6,65,5.44,US,1619382659
292,Leshukonskoye,64.8989,45.7622,100,39.94,93,5.03,RU,1619382428
293,Yulara,-25.2406,130.9889,0,53.6,54,6.91,AU,1619382467
294,Alenquer,-1.9417,-54.7383,20,84.2,74,8.05,BR,1619382660
295,San Miguel de Tucumán,-26.8241,-65.2226,40,73.4,56,6.91,AR,1619382660
296,Ixtapa,20.7,-105.2,75,82.4,65,14.97,MX,1619382443
297,Roquetas de Mar,36.7642,-2.6148,90,64.99,77,18.41,ES,1619382661
298,Sinnamary,5.3833,-52.95,54,80.96,82,11.95,GF,1619382212
299,Bela,25.9333,81.9833,75,79.77,11,6.08,IN,1619382661
300,Rocky Mount,35.9382,-77.7905,90,68.0,45,9.22,US,1619382661
301,Sahuaripa,29.05,-109.2333,100,92.12,7,13.98,MX,1619382206
302,Port-Gentil,-0.7193,8.7815,20,82.4,78,4.61,GA,1619382456
303,Kieta,-6.2167,155.6333,81,80.4,74,1.48,PG,1619382662
304,Pevek,69.7008,170.3133,100,20.07,93,11.68,RU,1619382424
305,Zharkent,44.1628,80.0,99,55.45,28,3.09,KZ,1619382663
306,Amapá,1.0,-52.0,100,70.97,99,3.13,BR,1619382663
307,Bantry,51.6833,-9.45,20,46.4,61,9.22,IE,1619382664
308,Poum,-20.2333,164.0167,89,77.11,77,19.15,NC,1619382651
309,Port Lincoln,-34.7333,135.8667,7,59.31,80,7.45,AU,1619382453
310,Westport,41.1415,-73.3579,90,57.99,62,10.36,US,1619382384
311,Mayumba,-3.432,10.6554,33,78.85,87,2.77,GA,1619382659
312,Kumul,42.8,93.45,84,40.24,20,5.95,CN,1619382665
313,Venado Tuerto,-33.7456,-61.9688,0,71.01,99,8.99,AR,1619382665
314,Ushtobe,45.2514,77.9838,99,52.52,45,6.33,KZ,1619382409
315,Shingū,33.7333,135.9833,0,43.39,63,6.69,JP,1619382666
316,Dunedin,-45.8742,170.5036,76,52.0,32,11.99,NZ,1619382666
317,Lere,10.387,8.5726,100,75.06,69,4.99,NG,1619382667
318,Constitución,-35.3333,-72.4167,3,63.52,66,13.73,CL,1619382667
319,Tagusao,9.1924,117.8141,79,79.41,79,1.41,PH,1619382491
320,Darnah,32.767,22.6367,9,60.17,81,18.07,LY,1619382667
321,Dakar,14.6937,-17.4441,40,69.8,83,9.22,SN,1619382396
322,Mananjary,-21.2167,48.3333,89,71.82,91,4.36,MG,1619382668
323,Conde,-7.2597,-34.9075,0,80.6,78,12.66,BR,1619382483
324,Sioux Lookout,50.1001,-91.917,75,46.4,25,9.22,CA,1619382668
325,Rawson,-43.3002,-65.1023,74,67.91,40,20.76,AR,1619382532
326,Mount Isa,-20.7333,139.5,5,71.6,60,9.22,AU,1619382669
327,Comodoro Rivadavia,-45.8667,-67.5,0,68.0,49,9.22,AR,1619382669
328,Coahuayana Viejo,18.7333,-103.6833,75,87.8,33,7.83,MX,1619382670
329,St. George's,12.0564,-61.7485,20,84.2,70,20.71,GD,1619381850
330,Pitsunda,43.1592,40.3378,90,53.6,87,11.18,GE,1619382670
331,Katobu,-4.9408,122.5276,86,73.83,89,3.6,ID,1619382671
332,Ust'-Uda,54.1742,103.0304,59,29.08,90,4.5,RU,1619382671
333,Manyana,-23.4,21.7167,18,65.88,27,4.23,BW,1619382671
334,Grindavik,63.8424,-22.4338,20,44.6,81,11.5,IS,1619382551
335,Hong Kong,22.2855,114.1577,100,73.0,84,20.0,HK,1619382639
336,Kananga,-5.8958,22.4178,68,69.98,93,2.3,CD,1619382672
337,Springbok,-29.6643,17.8865,100,58.57,61,1.43,ZA,1619382130
338,Salalah,17.0151,54.0924,75,84.2,70,8.05,OM,1619382672
339,Ketchikan,55.3422,-131.6461,1,57.2,33,8.05,US,1619382411
340,Aitape,-3.1374,142.3475,100,76.06,86,2.84,PG,1619382673
341,Qasigiannguit,68.8193,-51.1922,100,50.0,43,11.5,GL,1619382340
342,Aromashevo,56.8602,68.6375,38,41.92,67,7.09,RU,1619382674
343,Papara,-3.9839,-38.7273,0,84.2,70,9.22,BR,1619382674
344,Muhos,64.808,25.9931,90,37.4,70,10.36,FI,1619382675
345,Praia,14.9215,-23.5087,40,71.6,68,17.27,CV,1619382675
346,Hastings,50.8552,0.5729,90,44.6,70,24.16,GB,1619382409
347,Bosaso,11.2842,49.1816,65,85.37,64,3.06,SO,1619382197
348,Broken Hill,-31.95,141.4333,0,51.8,71,6.6,AU,1619382469
349,San Policarpo,12.1791,125.5072,100,77.7,82,9.62,PH,1619382676
350,Codrington,-38.2667,141.9667,100,53.62,84,4.92,AU,1619382492
351,Londoko,49.0333,131.9833,96,33.19,43,2.71,RU,1619382676
352,Dingzhou,38.5131,114.9956,100,55.4,71,2.24,CN,1619382677
353,Vao,-22.6667,167.4833,68,74.19,70,13.51,NC,1619382677
354,Bam,29.106,58.357,83,77.18,23,0.65,IR,1619382677
355,Puerto Escondido,15.85,-97.0667,40,87.8,66,9.22,MX,1619382678
356,Ayagoz,47.9714,80.4392,100,37.53,48,4.29,KZ,1619382678
357,Altay,47.8667,88.1167,7,28.83,34,8.43,CN,1619382679
358,Dobreni,46.9833,26.4167,20,46.0,9,6.33,RO,1619382679
359,Kailua,21.4022,-157.7394,75,82.4,65,13.8,US,1619382679
360,Mafinga,-7.25,35.0667,89,66.7,86,2.73,TZ,1619382680
361,Kabalo,-6.05,26.9167,95,70.2,94,1.59,CD,1619382680
362,Aloleng,16.1307,119.7824,7,78.1,76,8.86,PH,1619382419
363,Santa Cruz del Sur,20.7147,-77.9956,11,84.69,64,14.85,CU,1619382681
364,Saint-Augustin,51.226,-58.6502,90,47.73,45,6.06,CA,1619382681
365,Gizo Government Station,-8.103,156.8419,17,83.01,72,3.56,SB,1619382681
366,Yar-Sale,66.8333,70.8333,100,33.4,90,12.21,RU,1619382682
367,Coquimbo,-29.9533,-71.3436,0,62.6,72,11.5,CL,1619382682
368,Novobiryusinskiy,56.9578,97.7076,100,34.09,97,8.16,RU,1619382682
369,Mīrābād,30.4362,61.8383,3,80.58,15,10.58,AF,1619382392
370,Adrar,20.5022,-10.0711,35,87.49,16,9.42,MR,1619382683
371,Shimoda,34.6667,138.95,58,48.0,45,1.99,JP,1619382596
372,Bria,6.5423,21.9863,100,70.02,91,2.68,CF,1619382683
373,Haverfordwest,51.8017,-4.9691,22,48.0,95,10.42,GB,1619382684
374,Bāfq,31.6128,55.4107,100,74.21,38,5.06,IR,1619382684
375,Osa,57.2829,55.4567,100,39.34,70,13.33,RU,1619382685
376,Santa Cruz,30.4202,-9.5982,40,66.2,72,9.22,MA,1619382685
377,Linjiang,41.8069,126.9078,92,38.66,45,2.48,CN,1619382685
378,Turan,16.0678,108.2208,40,80.6,89,3.44,VN,1619382686
379,Sakata,38.9167,139.855,67,44.35,59,17.02,JP,1619382686
380,Krasnogorskiy,54.6025,61.231,12,41.47,73,10.22,RU,1619382686
381,Dunmore Town,25.5,-76.65,4,78.84,81,10.45,BS,1619382687
382,Wagar,16.1525,36.2032,0,88.56,36,9.95,SD,1619382687
383,Topchikha,52.8192,83.1185,0,42.8,24,4.47,RU,1619382688
384,Pochutla,15.7432,-96.4661,75,89.01,62,11.5,MX,1619382533
385,Mezen',65.8522,44.24,100,42.39,85,5.3,RU,1619382309
386,Couva,10.4225,-61.4675,20,86.0,54,14.97,TT,1619382688
387,Çayeli,41.0923,40.7292,100,53.47,93,2.8,TR,1619382689
388,Opunake,-39.4556,173.8583,87,52.0,89,5.01,NZ,1619382689
389,Barranca,-10.75,-77.7667,15,70.32,74,7.9,PE,1619382548
390,Saldanha,-33.0117,17.9442,92,60.8,88,5.75,ZA,1619382690
391,Kahului,20.8947,-156.47,40,80.6,57,20.71,US,1619382690
392,Baijiantan,45.6333,85.1833,50,45.55,22,4.05,CN,1619382690
393,Bayir,37.2687,28.2167,0,62.6,77,6.91,TR,1619382691
394,Nishihara,26.1842,127.7558,20,66.2,88,7.78,JP,1619382691
395,Taoudenni,22.6783,-3.9836,5,94.35,10,10.56,ML,1619382692
396,San-Pédro,4.7485,-6.6363,100,78.24,83,1.79,CI,1619382692
397,Sidrolândia,-20.9319,-54.9614,75,75.2,69,8.05,BR,1619382444
398,Borogontsy,62.6683,131.1683,100,25.77,96,5.12,RU,1619382693
399,Fredericton,45.9454,-66.6656,1,60.8,33,13.8,CA,1619382477
400,Zarichne,51.8126,26.129,10,33.15,67,5.35,UA,1619382693
401,Gisborne,-38.6533,178.0042,3,51.01,84,4.0,NZ,1619382368
402,Sakakah,29.9697,40.2064,75,86.0,16,16.11,SA,1619382656
403,Rosetta,31.4044,30.4164,40,66.2,72,13.8,EG,1619382694
404,Benguela,-12.5763,13.4055,47,79.65,81,5.84,AO,1619382364
405,Mackay,-21.15,149.2,90,69.8,78,10.36,AU,1619382694
406,Bud,39.447,-86.1758,8,61.0,47,8.86,US,1619382598
407,Kismayo,-0.3582,42.5454,68,82.69,74,13.69,SO,1619382570
408,Iralaya,15.0,-83.2333,14,84.43,62,11.27,HN,1619382412
409,Viedma,-40.8135,-62.9967,6,64.08,42,5.44,AR,1619382695
410,Marawi,7.9986,124.2928,100,77.0,90,4.0,PH,1619382326
411,Gayny,60.3071,54.3241,97,36.91,87,9.06,RU,1619382696
412,Karratha,-20.7377,116.8463,0,75.85,62,8.46,AU,1619381900
413,Bonthe,7.5264,-12.505,60,81.84,76,6.46,SL,1619382188
414,Athabasca,54.7169,-113.2854,100,46.4,23,8.05,CA,1619382605
415,Zanjān,36.6736,48.4787,15,61.34,33,2.66,IR,1619382697
416,Kavieng,-2.5744,150.7967,100,81.7,75,2.59,PG,1619382686
417,Petropavlovsk-Kamchatskiy,53.0452,158.6483,90,35.6,100,6.71,RU,1619382460
418,Wanaka,-44.7,169.15,38,41.92,85,7.23,NZ,1619382697
419,Alta Floresta,-9.8756,-56.0861,75,77.0,100,2.3,BR,1619382534
420,Lawrenceburg,38.0373,-84.8966,75,61.0,63,6.82,US,1619382491
421,Buckeye,33.3703,-112.5838,7,96.01,10,13.8,US,1619382698
422,Bariloche,-41.1456,-71.3082,0,66.99,39,6.91,AR,1619382699
423,Nantucket,41.2835,-70.0995,90,48.2,100,26.46,US,1619382699
424,Lithgow,-33.4833,150.15,0,51.01,93,1.88,AU,1619382699
425,Puerto Ayacucho,5.6639,-67.6236,90,84.22,70,6.11,VE,1619382701
426,Boende,-0.2167,20.8667,44,71.92,90,3.44,CD,1619382702
427,Inhambane,-23.865,35.3833,40,75.2,83,2.53,MZ,1619382418
428,Lorengau,-2.0226,147.2712,56,79.93,82,5.66,PG,1619382702
429,Porbandar,21.6422,69.6093,1,82.13,78,10.45,IN,1619382285
430,Snyder,32.7179,-100.9176,1,89.6,15,20.71,US,1619382525
431,Turukhansk,65.8167,87.9833,15,6.49,95,6.26,RU,1619381861
432,Iqaluit,63.7506,-68.5145,90,33.8,80,3.44,CA,1619382450
433,Thinadhoo,0.5333,72.9333,48,82.08,66,4.85,MV,1619382703
434,Sīrjān,29.452,55.6814,84,67.1,33,1.41,IR,1619382703
435,Mandera,3.9366,41.867,100,81.46,64,7.05,KE,1619382675
436,Sisimiut,66.9395,-53.6735,97,41.23,72,3.65,GL,1619382216
437,Sabang,5.8933,95.3214,94,81.79,75,12.5,ID,1619382517
438,Yagodnoye,62.55,149.6667,9,1.11,88,2.8,RU,1619382704
439,Nioro,13.35,-15.75,1,84.36,35,10.96,GM,1619382149
440,Ilo,-17.6394,-71.3375,15,68.52,77,6.85,PE,1619382705
441,Hailar,49.2,119.7,100,49.71,28,15.93,CN,1619382705
442,Matara,5.9485,80.5353,21,77.25,88,2.89,LK,1619382706
443,Assiniboia,49.6334,-105.9845,100,35.6,80,11.5,CA,1619382706
444,Voh,-20.9667,164.7,100,74.3,85,7.05,NC,1619382707
445,Mandalgovi,45.7625,106.2708,25,31.26,62,22.97,MN,1619382707
446,Ahtopol,42.1,27.95,0,44.6,93,4.61,BG,1619382708
447,Huangpi,30.8845,114.3779,97,57.2,94,4.47,CN,1619382708
448,Abu Dhabi,24.4667,54.3667,0,87.8,28,8.1,AE,1619382709
449,Dinghaicun,26.2847,119.7936,75,68.0,77,8.95,CN,1619382709
450,Seydi,39.4816,62.9137,52,72.84,19,17.45,TM,1619382709
451,Pachalum,14.9247,-90.6628,20,82.99,42,13.8,GT,1619382710
452,Isangel,-19.55,169.2667,100,76.28,87,11.41,VU,1619382508
453,Bulungu,-4.55,18.6,11,71.58,90,1.63,CD,1619382710
454,Marzuq,14.4,46.4667,71,69.39,77,7.29,YE,1619382711
455,Dullewala,31.8359,71.4362,1,82.99,20,7.16,PK,1619382711
456,Vinh Yen,21.31,105.5967,75,78.8,100,3.44,VN,1619382637
457,Jiuquan,39.7432,98.5174,100,41.32,15,12.59,CN,1619382712
458,Mehamn,71.0357,27.8492,75,33.8,75,13.8,NO,1619382712
459,Wawa,9.9022,4.4192,100,85.05,53,2.71,NG,1619382324
460,Sinop Province,41.7711,34.8709,93,42.49,88,2.84,TR,1619382579
461,Abu Samrah,35.3029,37.1841,55,70.79,42,5.12,SY,1619382713
462,Oruzgan,32.8333,66.0,43,65.52,13,1.45,AF,1619382177
463,Erenhot,43.6475,111.9767,97,52.86,54,20.47,CN,1619382568
464,Zopilotepe,14.6,-86.2667,75,89.6,48,4.74,HN,1619382714
465,Şereflikoçhisar,38.9393,33.5386,53,56.98,60,10.31,TR,1619382714
466,Vestmannaeyjar,63.4427,-20.2734,0,45.03,81,19.26,IS,1619382714
467,Baghdad,33.3406,44.4009,0,89.6,19,6.91,IQ,1619382611
468,Lavrentiya,65.5833,-171.0,94,29.88,84,1.72,RU,1619382623
469,Mirabela,-16.2628,-44.1644,0,86.0,32,4.61,BR,1619382415
470,Christchurch,-43.5333,172.6333,67,52.0,93,5.75,NZ,1619382715
471,Dongsheng,39.8161,109.9776,0,42.6,87,9.31,CN,1619382716
472,Manono,-7.3,27.4167,100,70.12,95,2.21,CD,1619382351
473,Fukuechō,32.6881,128.8419,85,58.78,59,29.55,JP,1619382717
474,Nuevo San Juan,9.2233,-79.6619,40,93.2,46,13.8,PA,1619382717
475,Kalmunai,7.4167,81.8167,49,78.28,78,5.21,LK,1619382717
476,Bluefield,37.2698,-81.2223,90,54.0,66,9.22,US,1619382445
477,Aklavik,68.2191,-135.0107,1,24.8,68,9.22,CA,1619382669
478,Satwās,22.5333,76.6833,29,85.1,10,5.01,IN,1619382718
479,Nabire,-3.3667,135.4833,100,74.5,91,2.42,ID,1619382718
480,La Palma,33.8464,-118.0467,75,69.8,52,10.36,US,1619382719
481,Ensley,30.5188,-87.2728,1,80.6,41,9.22,US,1619382719
482,Doha,25.2867,51.5333,39,82.99,74,4.61,QA,1619382289
483,Udachny,66.4167,112.4,100,7.14,91,24.38,RU,1619382720
484,Nemuro,43.3236,145.575,15,32.5,65,17.45,JP,1619382720
485,Zhigalovo,54.8097,105.1578,100,25.88,97,3.06,RU,1619382721
486,Bangad,15.5036,121.0275,40,75.2,83,4.61,PH,1619382721
487,Avera,33.194,-82.5271,40,75.2,50,8.05,US,1619382722
488,Faya,18.3851,42.4509,40,62.6,67,6.91,SA,1619382722
489,Esmeraldas,-19.7625,-44.3139,20,84.2,32,9.22,BR,1619382714
490,Port Keats,-14.25,129.55,100,74.35,43,5.59,AU,1619382722
491,Agadez,19.75,10.25,2,88.75,9,5.75,NE,1619382675
492,Severnyy,50.677,36.5532,0,44.6,53,4.47,RU,1619382704
493,Bathsheba,13.2167,-59.5167,20,84.2,51,18.41,BB,1619382723
494,Svatove,49.4103,38.1503,54,42.53,47,6.24,UA,1619382723
495,Bilibino,68.0546,166.4372,98,18.46,92,2.64,RU,1619382587
496,Ponta do Sol,32.6667,-17.1,54,60.01,86,5.99,PT,1619382724
497,Bonavista,48.6499,-53.1147,78,53.6,47,13.8,CA,1619382239
498,Demirci,39.0461,28.6589,74,48.83,88,7.23,TR,1619382724
499,Farafangana,-22.8167,47.8333,19,71.56,89,1.41,MG,1619382725
500,Ormara,25.2088,64.6357,34,81.88,73,10.6,PK,1619382259
501,Santa Helena de Goiás,-17.8136,-50.5969,72,78.3,30,2.95,BR,1619382725
502,Palora,-1.7,-77.9333,40,69.8,94,9.22,EC,1619382686
503,Rio Grande,-32.035,-52.0986,40,71.6,43,16.11,BR,1619382726
504,Aguçadoura,41.4318,-8.7804,20,62.01,82,4.61,PT,1619382726
505,Walvis Bay,-22.9575,14.5053,15,62.01,82,3.44,NA,1619382727
506,Āsosa,10.0667,34.5333,100,64.15,84,4.47,ET,1619382458
507,Tiznit Province,29.5833,-9.5,0,59.76,63,4.29,MA,1619382727
508,Naze,28.3667,129.4833,34,64.15,71,10.85,JP,1619382553
509,Palmer,42.1584,-72.3287,90,55.4,62,4.61,US,1619382481
510,Aswān,24.0934,32.907,0,89.37,9,7.94,EG,1619382136
511,La Providencia,28.7167,-111.5833,100,89.01,36,11.01,MX,1619382728
512,San Blas,21.5167,-105.2667,40,89.6,33,9.22,MX,1619382728
513,Meybod,32.2501,54.0166,75,78.8,25,11.5,IR,1619382729
514,Tabou,4.423,-7.3528,100,79.41,81,3.42,CI,1619382729
515,Acajutla,13.5928,-89.8275,20,95.0,34,5.75,SV,1619382671
516,Lata,40.1629,-8.3327,98,60.01,93,3.47,PT,1619382333
517,Sembabule,-0.0772,31.4567,77,60.39,91,3.11,UG,1619382730
518,Xingyi,24.1877,102.817,80,61.48,70,3.04,CN,1619382730
519,Novy Urengoy,66.0833,76.6333,100,28.42,94,8.66,RU,1619382731
520,Mīzan Teferī,6.9833,35.5833,100,62.2,95,2.15,ET,1619382731
521,Tomatlán,19.9333,-105.25,99,89.87,36,11.1,MX,1619382732
522,Port Hardy,50.6996,-127.4199,90,50.0,87,6.91,CA,1619382732
523,Lagoa,39.05,-27.9833,99,59.23,81,13.38,PT,1619382667
524,Troitsk,54.0979,61.5773,50,44.49,65,10.33,RU,1619382732
525,Bol'shoye Selo,57.7177,38.9334,100,32.38,97,13.73,RU,1619382733
526,Svetlaya,46.5389,138.3297,38,31.96,49,5.21,RU,1619382440
527,Muyezerskiy,63.9333,31.65,99,37.36,89,11.86,RU,1619382733
528,Kizema,61.113,44.8302,100,39.58,97,5.91,RU,1619382734
529,Alice Town,25.7167,-79.3,0,80.76,79,18.07,BS,1619382734
530,Areosa,41.7178,-8.8571,20,60.8,82,4.61,PT,1619382734
531,Yerbogachën,61.2767,108.0108,100,29.16,91,7.25,RU,1619382735
532,Waingapu,-9.6567,120.2641,62,75.51,79,8.25,ID,1619382735
533,Nelson Bay,-32.7167,152.15,27,54.0,100,6.91,AU,1619382735
534,Souillac,-20.5167,57.5167,75,75.2,94,12.66,MU,1619382736
535,Vila Velha,-20.3297,-40.2925,40,80.6,74,5.75,BR,1619382736
536,Otorohanga,-38.1833,175.2,92,52.0,98,2.82,NZ,1619382736
537,New Glasgow,45.5834,-62.6486,100,62.6,36,13.8,CA,1619382611
538,Muriwai Beach,-36.8167,174.45,55,57.0,97,8.55,NZ,1619382737
539,Russell,32.3502,-85.1999,1,77.0,44,12.66,US,1619382278
540,Pachino,36.7186,15.0907,0,51.01,93,3.44,IT,1619382737
541,Luanda,-8.8368,13.2343,75,80.6,89,4.61,AO,1619382601
542,Sitka,57.0531,-135.33,20,55.4,54,4.61,US,1619382738
543,Lima,-12.0432,-77.0282,75,68.0,77,6.91,PE,1619382502
544,Bukama,-9.2,25.85,98,68.25,94,1.1,CD,1619382738
545,Mullingar,53.5333,-7.35,0,46.99,81,8.05,IE,1619382739
546,Worland,44.0169,-107.9554,1,66.0,24,10.36,US,1619382739
547,Edineţ,48.1681,27.305,98,45.0,71,5.99,MD,1619382740
548,Mozarlândia,-14.7447,-50.5706,18,82.2,54,6.91,BR,1619382740
549,Yichun,47.7,128.9,100,34.14,46,2.37,CN,1619382740
550,Catuday,16.2923,119.8062,5,77.27,74,8.39,PH,1619382566
551,Amga,60.8953,131.9608,100,29.01,99,2.82,RU,1619382358
